{
    "loss": [
        1.9535678625106812
    ],
    "accuracy": [
        0.8799946904182434
    ],
    "val_loss": [
        0.5410276651382446
    ],
    "val_accuracy": [
        0.9992855191230774
    ],
    "rounds": [
        1
    ]
}