{
    "test_loss": 0.05028780922293663,
    "test_accuracy": 0.9944096803665161,
    "precision": 0.9944096898708905,
    "recall": 1.0,
    "f1_score": 0.9971970101441537
}