{
    "loss": [
        1.9535678625106812,
        0.2571812570095062
    ],
    "accuracy": [
        0.8799946904182434,
        0.9986768960952759
    ],
    "val_loss": [
        0.5410276651382446,
        0.08325262367725372
    ],
    "val_accuracy": [
        0.9992855191230774,
        0.9992855191230774
    ],
    "rounds": [
        1,
        2
    ]
}