{
    "loss": [
        1.9885189533233643
    ],
    "accuracy": [
        0.8822439908981323
    ],
    "val_loss": [
        0.5740234851837158
    ],
    "val_accuracy": [
        0.9988092184066772
    ],
    "rounds": [
        1
    ]
}