{
    "loss": [
        1.9885189533233643,
        0.26358762383461,
        0.047519076615571976
    ],
    "accuracy": [
        0.8822439908981323,
        0.9985975027084351,
        0.9992325901985168
    ],
    "val_loss": [
        0.5740234851837158,
        0.09286316484212875,
        0.025720536708831787
    ],
    "val_accuracy": [
        0.9988092184066772,
        0.9988092184066772,
        0.9988092184066772
    ],
    "rounds": [
        1,
        2,
        3
    ]
}