{
    "accuracy": 0.8811193406581879,
    "loss": 1.9710434079170227,
    "val_loss": 0.5575255751609802,
    "val_accuracy": 0.9990473687648773
}