{
    "accuracy": 0.9944096803665161,
    "f1_score": 0.9971970101441537,
    "recall": 1.0,
    "precision": 0.9944096898708905,
    "loss": 0.050278257578611374
}