{
    "accuracy": 0.9986371994018555,
    "loss": 0.2603844404220581,
    "val_loss": 0.08805789425969124,
    "val_accuracy": 0.9990473687648773
}