{
    "accuracy": 0.9992722868919373,
    "loss": 0.045916104689240456,
    "val_loss": 0.02310485579073429,
    "val_accuracy": 0.9990473687648773
}